SessionID,Date,User,Project,TokensIn,TokensOut,SkillsUsed,SystemsTriggered,ActionsPerformed,Outcome,IssuesFound,Duration(min),Cost(USD),Notes
"session-2026-04-23-01","2026-04-23","emman","workspace_gentle_vanguard","0","0","auto-reporting","auto-backup,auto-norm-enforcer,auto-doc-drift-detector","Session tracking","COMPLETE","0","9621.44","0","Auto-collected from session + Engram"
"session-2026-04-23-02","2026-04-23","emman","workspace_gentle_vanguard","0","0","auto-reporting","auto-backup,auto-norm-enforcer,auto-doc-drift-detector","Session tracking","COMPLETE","0","9593.19","0","Auto-collected from session + Engram"
"session-2026-04-26-01","2026-04-26","emman","workspace_gentle_vanguard","0","0","auto-reporting","auto-backup,auto-norm-enforcer,auto-doc-drift-detector","Crear politica de validacion pre-push;Crear flujo autonomous auto-fix-delegate;Crear orchestrate-auto_fix unificado","COMPLETE","0","5513.27","0","Auto-collected from session + Engram"
"session-2026-04-26-02","2026-04-26","emman","workspace_gentle_vanguard","0","0","auto-reporting","auto-backup,auto-norm-enforcer,auto-doc-drift-detector","Session tracking","COMPLETE","0","5416.68","0","Auto-collected from session + Engram"
"session-2026-04-27-01","2026-04-27","emman","workspace_gentle_vanguard","0","0","auto-reporting","auto-backup,auto-norm-enforcer,auto-doc-drift-detector","Session tracking","COMPLETE","0","4036.06","0","Auto-collected from session + Engram"
"session-2026-04-27-02","2026-04-27","emman","workspace_gentle_vanguard","0","0","auto-reporting","auto-backup,auto-norm-enforcer,auto-doc-drift-detector","Session tracking","COMPLETE","0","4022.49","0","Auto-collected from session + Engram"
"session-2026-04-28-01","2026-04-28","emman","workspace_gentle_vanguard","0","0","auto-reporting","auto-backup,auto-norm-enforcer,auto-doc-drift-detector","Session tracking","COMPLETE","0","2456.08","0","Auto-collected from session + Engram"
"session-2026-04-29-01","2026-04-29","emman","gentle-vanguard","0","0","auto-reporting","auto-backup,auto-norm-enforcer,auto-doc-drift-detector","Session tracking","COMPLETE","0","1281.05","0","Auto-collected from session + Engram"
"session-2026-04-29-02","2026-04-29","emman","gentle-vanguard","0","0","auto-reporting","auto-backup,auto-norm-enforcer,auto-doc-drift-detector","Session tracking","COMPLETE","0","1155.23","0","Auto-collected from session + Engram"
"session-2026-04-30-01","2026-04-30","emman","gentle-vanguard","0","0","auto-reporting","auto-backup,auto-norm-enforcer,auto-doc-drift-detector","Session tracking","COMPLETE","0","235.1","0","Auto-collected from session + Engram"

