timestamp,date,task,risk,estimated_tokens,status,engram_available,notes
2026-05-04T02:17:46-03:00,2026-05-04,end-session,medium,1800,PASS,True,projected_pct=1.5
2026-05-04T02:18:28-03:00,2026-05-04,end-session,medium,1800,PASS,True,projected_pct=3
2026-05-04T02:18:56-03:00,2026-05-04,end-session,medium,1800,PASS,True,projected_pct=4.5
2026-05-04T02:19:52-03:00,2026-05-04,end-session,medium,1800,PASS,True,projected_pct=6
2026-05-04T02:19:52-03:00,2026-05-04,audit,medium,2200,PASS,True,projected_pct=7.83
2026-05-04T02:20:33-03:00,2026-05-04,end-session,medium,1800,PASS,True,projected_pct=9.33
2026-05-04T02:20:34-03:00,2026-05-04,audit,medium,2200,PASS,True,projected_pct=11.17
2026-05-04T07:03:13-03:00,2026-05-04,end-session,medium,1800,PASS,True,projected_pct=12.67
2026-05-04T07:03:28-03:00,2026-05-04,audit,medium,2200,PASS,True,projected_pct=14.5
2026-05-04T07:03:45-03:00,2026-05-04,end-session,medium,1800,PASS,True,projected_pct=16
2026-05-04T07:03:55-03:00,2026-05-04,audit,medium,2200,PASS,True,projected_pct=17.83
2026-05-04T07:04:11-03:00,2026-05-04,end-session,medium,1800,PASS,True,projected_pct=19.33
2026-05-04T07:04:22-03:00,2026-05-04,audit,medium,2200,PASS,True,projected_pct=21.17
2026-05-04T07:04:39-03:00,2026-05-04,end-session,medium,1800,PASS,True,projected_pct=22.67
2026-05-04T07:04:50-03:00,2026-05-04,audit,medium,2200,PASS,True,projected_pct=24.5
2026-05-04T07:55:42-03:00,2026-05-04,end-session,medium,1800,PASS,True,projected_pct=26
2026-05-04T07:55:53-03:00,2026-05-04,audit,medium,2200,PASS,True,projected_pct=27.83
2026-05-04T07:56:05-03:00,2026-05-04,end-session,medium,1800,PASS,True,projected_pct=29.33
2026-05-04T07:56:16-03:00,2026-05-04,audit,medium,2200,PASS,True,projected_pct=31.17
2026-05-04T15:13:59-03:00,2026-05-04,general,medium,1125,PASS,True,projected_pct=32.1
2026-05-04T15:24:37-03:00,2026-05-04,general,medium,1125,PASS,True,projected_pct=33.04
2026-05-04T15:25:46-03:00,2026-05-04,end-session,high,3500,PASS,True,projected_pct=35.96
2026-05-04T15:26:07-03:00,2026-05-04,end-session,high,3500,PASS,True,projected_pct=38.88
2026-05-04T15:27:32-03:00,2026-05-04,audit,medium,2200,PASS,True,projected_pct=40.71
2026-05-05T11:28:24-03:00,2026-05-05,end-session,medium,1800,PASS,True,projected_pct=1.5
2026-05-05T11:28:28-03:00,2026-05-05,end-session,medium,1800,PASS,True,projected_pct=3
2026-05-05T17:18:40-03:00,2026-05-05,general,medium,1000,PASS,True,projected_pct=3.83
2026-05-05T21:29:40-03:00,2026-05-05,audit,medium,2200,0,0,0,PASS,True,projected_pct=5.67; actual_tracking=False
2026-05-05T21:40:40-03:00,2026-05-05,compact-start,medium,1569,0,0,0,PASS,True,projected_pct=6.97; actual_tracking=False
2026-05-05T21:41:08-03:00,2026-05-05,compact-start,medium,1564,0,0,0,PASS,True,projected_pct=8.28; actual_tracking=False
2026-05-06T02:07:16-03:00,2026-05-06,end-session,medium,1800,0,0,0,PASS,True,projected_pct=1.5; actual_tracking=False
2026-05-06T02:07:27-03:00,2026-05-06,audit,medium,2200,0,0,0,PASS,True,projected_pct=3.33; actual_tracking=False
